{
  "map": {
    "image": "kkep_floorplan.png",
    "T_map_from_world2": [
      [
        35.4334161426658,
        0.0,
        4278.915070787953
      ],
      [
        0.0,
        -35.442265183206494,
        3656.779741115093
      ],
      [
        0.0,
        0.0,
        1.0
      ]
    ]
  },
  "cameras": {
    "Kamera 01": {
      "sample_image": "cameras/Kamera 01/ELP-Kamera-01-20240907-185521-1725728121288-7_00000000_img.jpg",
      "intrinsics": {
        "width": 1920,
        "height": 1080,
        "K": [
          [
            163.1582442729504,
            0.0,
            951.0046259704997
          ],
          [
            0.0,
            70.5979673949018,
            513.3088024547918
          ],
          [
            0.0,
            0.0,
            1.0
          ]
        ],
        "distortion": [
          0
        ]
      },
      "T_world_from_camera": {
        "R": [
          -0.6682173770598651,
          0.7438422910187475,
          -0.013072164868113299,
          0.0036471348859329557
        ],
        "t_in_world": [
          -91.73534653249114,
          46.0286320945638,
          3.856229082419698
        ]
      },
      "H_world2_from_camera": [
        [
          0.0011006252110509547,
          -0.022275151637833644,
          -13.369883039788514
        ],
        [
          -0.006974548231444616,
          0.005622456938569391,
          15.663977806310111
        ],
        [
          -1.9143001957253495e-05,
          8.933750761127875e-05,
          0.23157252291174782
        ]
      ]
    }
  }
}