{
  "map": {
    "image": "kkep_floorplan.png",
    "T_map_from_world2": [
      [
        35.4334161426658,
        0.0,
        4278.915070787953
      ],
      [
        0.0,
        -35.442265183206494,
        3656.779741115093
      ],
      [
        0.0,
        0.0,
        1.0
      ]
    ]
  },
  "models": {
    "segmentation2": "../models/camera0/segmentation/torch.pt",
    "segmentation": "../models/maskrcnn_trained.ptc"
  },
  "cameras": {
    "Kamera 01": {
      "sample_image": "cameras/Kamera 01/ELP-Kamera-01-20240907-185521-1725728121288-7_00000000_img.jpg",
      "intrinsics": {
        "width": 1920,
        "height": 1080,
        "K": [
          [
            1240.724025007299,
            0.0,
            1155.4285036618573
          ],
          [
            0.0,
            1240.724025007299,
            -24.917863328242163
          ],
          [
            0.0,
            0.0,
            1.0
          ]
        ],
        "distortion": [
          0.0,
          0.0,
          0.0
        ],
        "undistortion": [
          0.9999999999999993,
          -2.931464072165294e-16,
          -4.22281745433693e-16,
          1.871464804739631e-16
        ]
      },
      "T_world_from_camera": {
        "R": [
          -0.3956503247857174,
          0.5858234388486964,
          -0.6467777108890838,
          0.28626964856498677
        ],
        "t_in_world": [
          -105.2231423125788,
          58.278666093725406,
          7.9773385215463435
        ]
      },
      "H_world2_from_camera": [
        [
          0.0014536600718612698,
          -0.010539568682828024,
          -1.0878531644830105
        ],
        [
          -0.0017106789723647902,
          0.005675120960020479,
          1.5827393059196713
        ],
        [
          -1.7821222950518498e-05,
          9.944965749708422e-05,
          0.023001099222394593
        ]
      ]
    }
  }
}