{
  "map": {
    "image": "kkep_floorplan.png",
    "T_map_from_world2": [
      [
        35.4334161426658,
        0.0,
        4278.915070787953
      ],
      [
        0.0,
        -35.442265183206494,
        3656.779741115093
      ],
      [
        0.0,
        0.0,
        1.0
      ]
    ]
  },
  "models": {
    "segmentation2": "../models/camera0/segmentation/torch.pt",
    "segmentation": "../models/maskrcnn_trained.ptc"
  },
  "cameras": {
    "Kamera 01": {
      "sample_image": "cameras/Kamera 01/ELP-Kamera-01-20240907-185521-1725728121288-7_00000000_img.jpg",
      "intrinsics": {
        "width": 1920,
        "height": 1080,
        "K": [
          [
            698.8228497911086,
            0.0,
            960.0
          ],
          [
            0.0,
            698.8228497911086,
            540.0
          ],
          [
            0.0,
            0.0,
            1.0
          ]
        ],
        "distortion": [
          0,
          0,
          0
        ],
        "undistortion": [
          0,
          0,
          0
        ]
      },
      "T_world_from_camera": {
        "R": [
          [
            -0.5098241296059178,
            -0.31212210027908155,
            0.8016602468558256
          ],
          [
            -0.8452748333410275,
            0.008466999336876009,
            -0.5342646966088322
          ],
          [
            0.1599681624319869,
            -0.9500042654849526,
            -0.26814563686274884
          ]
        ],
        "t": [
          -101.31439363153284,
          54.64604847076174,
          6.0
        ]
      },
      "H_world2_from_camera": [
        [
          0.07197243993824652,
          -0.5991681158777644,
          -38.16877889799094
        ],
        [
          -0.08890240292590927,
          0.3190419483675725,
          75.28059852957068
        ],
        [
          -0.0008799248351212351,
          0.005692353167983842,
          1.0
        ]
      ]
    },
    "ZAG-ELP-CAM-017": {
      "sample_image": "cameras/ZAG-ELP-CAM-017/ZAG-ELP-CAM-017_sample.jpg",
      "intrinsics": {
        "width": 2688,
        "height": 1520,
        "K": [
          [
            978.3519897075522,
            0.0,
            1344.0
          ],
          [
            0.0,
            978.3519897075522,
            760.0
          ],
          [
            0.0,
            0.0,
            1.0
          ]
        ],
        "distortion": [
          0,
          0,
          0
        ],
        "undistortion": [
          0,
          0,
          0
        ]
      },
      "T_world_from_camera": {
        "R": [
          [
            -0.748847089164946,
            0.23007764256390148,
            -0.6215241873341897
          ],
          [
            0.6625883957026004,
            0.28015220677043584,
            -0.6946159794605283
          ],
          [
            0.014305765601381222,
            -0.9319758684825978,
            -0.36223794063662884
          ]
        ],
        "t": [
          -49.75289607103973,
          58.59613459748977,
          6.0
        ]
      },
      "H_world2_from_camera": [
        [
          0.005096125967092458,
          0.1045910185816158,
          -49.805413772831876
        ],
        [
          -0.0043522343555872,
          -0.12752371202740495,
          85.0377288189885
        ],
        [
          7.50879913770818e-05,
          -0.002170644694079776,
          1.0
        ]
      ]
    }
  }
}