{
  "map": {
    "image": "kkep_floorplan.png",
    "T_map_from_world2": [
      [
        35.4334161426658,
        0.0,
        4278.915070787953
      ],
      [
        0.0,
        -35.442265183206494,
        3656.779741115093
      ],
      [
        0.0,
        0.0,
        1.0
      ]
    ]
  },
  "models": {
    "segmentation2": "../models/camera0/segmentation/torch.pt",
    "segmentation": "../models/maskrcnn_trained.ptc"
  },
  "cameras": {
    "Kamera 01": {
      "sample_image": "cameras/Kamera 01/ELP-Kamera-01-20240907-185521-1725728121288-7_00000000_img.jpg",
      "intrinsics": {
        "width": 1920,
        "height": 1080,
        "K": [
          [
            1239.2095710302315,
            0.0,
            921.0355790270776
          ],
          [
            0.0,
            1239.2095710302315,
            61.6602642396381
          ],
          [
            0.0,
            0.0,
            1.0
          ]
        ],
        "distortion": [
          0.0,
          0.0,
          0.0
        ],
        "undistortion": [
          0.9999999999999992,
          3.081250085010887e-16,
          -3.702919441567308e-16,
          9.126939517717022e-16
        ]
      },
      "T_world_from_camera": {
        "R": [
          -0.444949535019788,
          0.5896924559116374,
          -0.5876850287728718,
          0.33001367499363526
        ],
        "t_in_world": [
          -105.1705804569035,
          58.27074883449955,
          7.987580627746887
        ]
      },
      "H_world2_from_camera": [
        [
          0.0011096261867049255,
          -0.010595183003861936,
          -0.6604071121829808
        ],
        [
          -0.0015239628473422433,
          0.0057391913110946555,
          1.317346523624961
        ],
        [
          -1.3514178787003212e-05,
          9.969258133176279e-05,
          0.017747059605458852
        ]
      ]
    }
  }
}